{"random_state": [42, 43], "scores": {"42": {"CV": "KFold(n_splits=3, random_state=42, shuffle=True)", "scoring_metric": "r2", "correlation_true_pred": [[1.0, 0.8787005866646869], [0.8787005866646869, 1.0]], "fold_scores": [0.2706802367471116, -0.051856156307909185, 0.48774898285275503], "non_zero_coefficients": [-0.046052149560205854, -0.027446799801503385, 0.02379452734500385, -0.05903443349115114, 0.056175598547423364, 0.009800053083272815, -0.04805115819384483, 0.05864965850135191, -0.0012923085579495735, -0.07570899958934277, -0.006201663863383952, 0.010185451596871918], "non_zero_features": ["Xele.ptg000045l.2", "Xele.ptg000045l.8", "Xele.ptg000045l.11", "Xele.ptg000045l.15", "Xele.ptg000045l.16", "Xele.ptg000045l.22", "Xele.ptg000045l.27", "Xele.ptg000045l.37", "Xele.ptg000045l.38", "Xele.ptg000045l.47", "Xele.ptg000045l.55", "Xele.ptg000045l.56"]}, "43": {"CV": "KFold(n_splits=3, random_state=43, shuffle=True)", "scoring_metric": "r2", "correlation_true_pred": [[1.0, 0.8466325696440308], [0.8466325696440308, 1.0]], "fold_scores": [0.23875807118974046, 0.16730449668640013, 0.25072490730143426], "non_zero_coefficients": [-0.04246479594609653, -0.025838077149381106, -0.061916899940163514, 0.051963226170686994, 0.0004823531807075619, 0.0006397360618719315, -0.02695225701487953, 0.04977211573439859, -0.0662472676549589, 0.011587826814309508], "non_zero_features": ["Xele.ptg000045l.2", "Xele.ptg000045l.8", "Xele.ptg000045l.15", "Xele.ptg000045l.16", "Xele.ptg000045l.22", "Xele.ptg000045l.26", "Xele.ptg000045l.27", "Xele.ptg000045l.37", "Xele.ptg000045l.47", "Xele.ptg000045l.56"]}}, "mean_scores": [0.23552435443065248, 0.21892915839252494], "common_features": ["Xele.ptg000045l.22", "Xele.ptg000045l.27", "Xele.ptg000045l.16", "Xele.ptg000045l.15", "Xele.ptg000045l.56", "Xele.ptg000045l.2", "Xele.ptg000045l.47", "Xele.ptg000045l.8", "Xele.ptg000045l.37"], "model": {}}