{"random_state": [42, 43], "scores": {"42": {"CV": "KFold(n_splits=3, random_state=42, shuffle=True)", "scoring_metric": "r2", "correlation_true_pred": [[1.0, 0.8817032281542764], [0.8817032281542764, 0.9999999999999999]], "fold_scores": [-1.317083485777105, 0.045600854000389046, 0.06066564394285734], "non_zero_coefficients": [-0.08172818070419202, -0.07641266631775223, 0.018408712464549237, 0.21162523987785087, 0.14552499864052484, 0.019602031400789487, 0.009490964319744504, 0.08862502468735135, -0.14001595713998283, -0.0047283124430029305, -0.18902038540752697, 0.16943939706269656, 0.002707654021910949, -0.11215973178200227, 0.005299825019437775], "non_zero_features": ["Xele.ptg000045l.7", "Xele.ptg000045l.8", "Xele.ptg000045l.11", "Xele.ptg000045l.14", "Xele.ptg000045l.18", "Xele.ptg000045l.33", "Xele.ptg000045l.34", "Xele.ptg000045l.36", "Xele.ptg000045l.38", "Xele.ptg000045l.41", "Xele.ptg000045l.48", "Xele.ptg000045l.50", "Xele.ptg000045l.51", "Xele.ptg000045l.55", "Xele.ptg000045l.56"]}, "43": {"CV": "KFold(n_splits=3, random_state=43, shuffle=True)", "scoring_metric": "r2", "correlation_true_pred": [[1.0, 0.92373405813201], [0.92373405813201, 0.9999999999999999]], "fold_scores": [0.24943859350989195, 0.2749404729987118, -1.1777707585519863], "non_zero_coefficients": [0.05174147106878214, -0.08044224025456624, 0.0270512120371925, 0.2865009603878817, 0.1820540542763708, 0.004551119904066414, 0.019308892441170115, 0.09826564631104573, -0.046334350942276656, -0.23426227334218244, -0.06725362384657232, 0.03439611963772533, -0.19602186917657963, 0.22439669292491943, 0.03199976476950136, 0.06241300417289406, 0.016080030335108474, -0.1113320479553522, 0.04578541438671117], "non_zero_features": ["Xele.ptg000212l.1", "Xele.ptg000045l.7", "Xele.ptg000045l.11", "Xele.ptg000045l.14", "Xele.ptg000045l.18", "Xele.ptg000045l.23", "Xele.ptg000045l.33", "Xele.ptg000045l.36", "Xele.ptg000045l.37", "Xele.ptg000045l.38", "Xele.ptg000045l.41", "Xele.ptg000045l.42", "Xele.ptg000045l.48", "Xele.ptg000045l.50", "Xele.ptg000045l.51", "Xele.ptg000045l.53", "Xele.ptg000045l.54", "Xele.ptg000045l.55", "Xele.ptg000045l.56"]}}, "mean_scores": [-0.4036056626112862, -0.21779723068112752], "common_features": ["Xele.ptg000045l.36", "Xele.ptg000045l.50", "Xele.ptg000045l.51", "Xele.ptg000045l.55", "Xele.ptg000045l.56", "Xele.ptg000045l.11", "Xele.ptg000045l.14", "Xele.ptg000045l.33", "Xele.ptg000045l.41", "Xele.ptg000045l.48", "Xele.ptg000045l.7", "Xele.ptg000045l.18", "Xele.ptg000045l.38"], "model": {}}