{"random_state": [42, 43], "scores": {"42": {"CV": "KFold(n_splits=3, random_state=42, shuffle=True)", "scoring_metric": "r2", "correlation_true_pred": [[1.0, 0.7899498799831534], [0.7899498799831534, 1.0]], "fold_scores": [-0.0686520857600601, 0.08556626819701207, 0.25529225076412543], "non_zero_coefficients": [-0.006009016458315887, 0.022177938093981397, -0.008412069508539123, 0.023084776785514228, -0.015119315210230208, 0.007825903356422104, -0.0020688202858172413, -0.0029791431172515753, -0.01019814536815516, -0.011925368721872194, -0.008722279144193795, 0.053642553892782975], "non_zero_features": ["Xele.ptg000212l.1", "Xele.ptg000045l.2", "Xele.ptg000045l.11", "Xele.ptg000045l.14", "Xele.ptg000045l.16", "Xele.ptg000045l.18", "Xele.ptg000045l.31", "Xele.ptg000045l.42", "Xele.ptg000045l.43", "Xele.ptg000045l.48", "Xele.ptg000045l.51", "Xele.ptg000045l.52"]}, "43": {"CV": "KFold(n_splits=3, random_state=43, shuffle=True)", "scoring_metric": "r2", "correlation_true_pred": [[1.0, 0.7018091467465571], [0.7018091467465571, 1.0]], "fold_scores": [-0.047075666029291696, 0.15648995905435237, 0.05821642987616127], "non_zero_coefficients": [0.0013337197982650928, -0.013925270855443645, -0.010385826722158117, -0.019855641916804685, 0.049103405433132005], "non_zero_features": ["Xele.ptg000045l.2", "Xele.ptg000045l.43", "Xele.ptg000045l.48", "Xele.ptg000045l.51", "Xele.ptg000045l.52"]}}, "mean_scores": [0.09073547773369246, 0.05587690763374065], "common_features": ["Xele.ptg000045l.51", "Xele.ptg000045l.2", "Xele.ptg000045l.48", "Xele.ptg000045l.43", "Xele.ptg000045l.52"], "model": {}}