{"random_state": [42, 43], "scores": {"42": {"CV": "KFold(n_splits=3, random_state=42, shuffle=True)", "scoring_metric": "r2", "correlation_true_pred": [[1.0, 0.8046116607101474], [0.8046116607101474, 1.0]], "fold_scores": [0.12910675776500014, 0.28985907514450826, 0.0783391694999287], "non_zero_coefficients": [-0.007537831549157948, -0.025966204738683805, 0.0045510709730359755, -0.031171852992770022, -7.879023602885839e-05, 0.03310356133608467, -0.019307003862587865, -0.02097357497445682, 0.08224993406243486], "non_zero_features": ["Xele.ptg000212l.1", "Xele.ptg000045l.1", "Xele.ptg000045l.2", "Xele.ptg000045l.10", "Xele.ptg000045l.11", "Xele.ptg000045l.14", "Xele.ptg000045l.36", "Xele.ptg000045l.48", "Xele.ptg000045l.52"]}, "43": {"CV": "KFold(n_splits=3, random_state=43, shuffle=True)", "scoring_metric": "r2", "correlation_true_pred": [[1.0, 0.7912629153254382], [0.7912629153254382, 1.0]], "fold_scores": [-0.15204844193502076, 0.13615872681748709, 0.18828590978646964], "non_zero_coefficients": [-0.004180270036949785, -0.02036365595796091, -0.029505386897738538, 0.026038837501314045, -0.015487739555969734, -0.022677167017825184, 0.0791177861458378], "non_zero_features": ["Xele.ptg000212l.1", "Xele.ptg000045l.1", "Xele.ptg000045l.10", "Xele.ptg000045l.14", "Xele.ptg000045l.36", "Xele.ptg000045l.48", "Xele.ptg000045l.52"]}}, "mean_scores": [0.16576833413647904, 0.05746539822297866], "common_features": ["Xele.ptg000045l.36", "Xele.ptg000045l.10", "Xele.ptg000212l.1", "Xele.ptg000045l.14", "Xele.ptg000045l.1", "Xele.ptg000045l.48", "Xele.ptg000045l.52"], "model": {}}