{"random_state": [42, 43], "scores": {"42": {"CV": "KFold(n_splits=3, random_state=42, shuffle=True)", "scoring_metric": "r2", "correlation_true_pred": [[1.0, 0.859408802307017], [0.859408802307017, 0.9999999999999999]], "fold_scores": [0.5538741141344417, 0.39327826066914284, 0.34506693527275345], "non_zero_coefficients": [-0.05397778873868196, -0.002924620112248521, -0.008985731203183009, 0.006334287952318554, -0.0034042382551511333, 0.005043442338066942, 0.03378300592942467, 0.010286363502831861], "non_zero_features": ["Xele.ptg000045l.1", "Xele.ptg000045l.6", "Xele.ptg000045l.15", "Xele.ptg000045l.37", "Xele.ptg000045l.38", "Xele.ptg000045l.44", "Xele.ptg000045l.50", "Xele.ptg000045l.51"]}, "43": {"CV": "KFold(n_splits=3, random_state=43, shuffle=True)", "scoring_metric": "r2", "correlation_true_pred": [[1.0, 0.8920917115302699], [0.8920917115302699, 1.0]], "fold_scores": [0.6440532543557849, 0.4465751311891397, 0.4193705133356751], "non_zero_coefficients": [-0.05136744347359957, -0.0008139292176016164, -0.0037796722837558196, 0.0010437810551261778, -4.7092325661610155e-05, 0.015182098248511421, -0.013715992100609824, 0.007899626729489634, -0.010210311659137557, 0.042938357392033125, 0.022491786641119903], "non_zero_features": ["Xele.ptg000045l.1", "Xele.ptg000045l.6", "Xele.ptg000045l.15", "Xele.ptg000045l.23", "Xele.ptg000045l.36", "Xele.ptg000045l.37", "Xele.ptg000045l.38", "Xele.ptg000045l.44", "Xele.ptg000045l.48", "Xele.ptg000045l.50", "Xele.ptg000045l.51"]}}, "mean_scores": [0.430739770025446, 0.5033329662935332], "common_features": ["Xele.ptg000045l.1", "Xele.ptg000045l.6", "Xele.ptg000045l.38", "Xele.ptg000045l.44", "Xele.ptg000045l.15", "Xele.ptg000045l.37", "Xele.ptg000045l.50", "Xele.ptg000045l.51"], "model": {}}