{"random_state": [42, 43], "scores": {"42": {"CV": "KFold(n_splits=3, random_state=42, shuffle=True)", "scoring_metric": "r2", "correlation_true_pred": [[1.0, 0.9524698127132388], [0.9524698127132388, 0.9999999999999999]], "fold_scores": [0.6990948542996014, 0.5562839274530509, 0.557128588036448], "non_zero_coefficients": [-0.08960232558888707, -0.0007169225871249351, -0.05406161063976175, 0.013261137334711445, -0.013967816370875703, -0.03006546035775845, 0.017036663656150426, -0.1580132786009983, -0.015536789662283904, -0.04955774819935684, 0.06253198879538369, 0.003027311950084193, 0.05710440490452669], "non_zero_features": ["Xele.ptg000045l.1", "Xele.ptg000045l.6", "Xele.ptg000045l.7", "Xele.ptg000045l.11", "Xele.ptg000045l.15", "Xele.ptg000045l.18", "Xele.ptg000045l.20", "Xele.ptg000045l.28", "Xele.ptg000045l.29", "Xele.ptg000045l.38", "Xele.ptg000045l.44", "Xele.ptg000045l.47", "Xele.ptg000045l.50"]}, "43": {"CV": "KFold(n_splits=3, random_state=43, shuffle=True)", "scoring_metric": "r2", "correlation_true_pred": [[1.0, 0.9820055852559822], [0.9820055852559822, 0.9999999999999999]], "fold_scores": [0.918270913391387, 0.09618648308558908, 0.4722356841173777], "non_zero_coefficients": [8.211452735173431e-05, -0.05353223849158604, 0.04934049069699194, -0.04347338572280325, -0.13140005802953048, -0.07646268837467382, -0.0029253115414975554, -0.04064935072169544, -0.01689138072264758, 0.01717784074828572, 0.001788934570146624, 0.06222542971369714, -0.07062716650307137, -0.012623281969633464, -0.013142955877722531, 0.021705046280879412, -0.11244491330536041, 0.02201062732419161, 0.08036967366265657, 0.06992975703353307], "non_zero_features": ["Xele.ptg000212l.1", "Xele.ptg000045l.1", "Xele.ptg000045l.2", "Xele.ptg000045l.6", "Xele.ptg000045l.7", "Xele.ptg000045l.15", "Xele.ptg000045l.16", "Xele.ptg000045l.18", "Xele.ptg000045l.19", "Xele.ptg000045l.20", "Xele.ptg000045l.22", "Xele.ptg000045l.27", "Xele.ptg000045l.28", "Xele.ptg000045l.29", "Xele.ptg000045l.32", "Xele.ptg000045l.36", "Xele.ptg000045l.38", "Xele.ptg000045l.40", "Xele.ptg000045l.44", "Xele.ptg000045l.50"]}}, "mean_scores": [0.6041691232630334, 0.4955643601981179], "common_features": ["Xele.ptg000045l.1", "Xele.ptg000045l.28", "Xele.ptg000045l.6", "Xele.ptg000045l.38", "Xele.ptg000045l.29", "Xele.ptg000045l.44", "Xele.ptg000045l.15", "Xele.ptg000045l.50", "Xele.ptg000045l.20", "Xele.ptg000045l.7", "Xele.ptg000045l.18"], "model": {}}