{"random_state": [42, 43], "scores": {"42": {"CV": "KFold(n_splits=3, random_state=42, shuffle=True)", "scoring_metric": "r2", "correlation_true_pred": [[1.0, 0.842427939880908], [0.842427939880908, 0.9999999999999998]], "fold_scores": [0.15443350608031714, 0.46498370050466975, -0.23542140238740106], "non_zero_coefficients": [-0.03540390607940503, -0.0238917559389944, 0.018285406596628563, 0.07325810033600806, -0.021243721212646796, 0.01777635928125678, 0.08753893855918013], "non_zero_features": ["Xele.ptg000212l.1", "Xele.ptg000045l.1", "Xele.ptg000045l.2", "Xele.ptg000045l.14", "Xele.ptg000045l.16", "Xele.ptg000045l.34", "Xele.ptg000045l.52"]}, "43": {"CV": "KFold(n_splits=3, random_state=43, shuffle=True)", "scoring_metric": "r2", "correlation_true_pred": [[1.0, 0.8849578258450105], [0.8849578258450105, 1.0]], "fold_scores": [0.18008450461996683, 0.5425785716881004, 0.26175598246651255], "non_zero_coefficients": [-0.044145563174621025, -0.04576129663709426, 0.02629233915636716, -0.008102508345457006, 0.10661497473737365, -0.042087917117109595, -0.006657999877625287, 0.028158666444180608, 0.004866452179971622, 0.10121094631379526, -0.016866079856853185], "non_zero_features": ["Xele.ptg000212l.1", "Xele.ptg000045l.1", "Xele.ptg000045l.2", "Xele.ptg000045l.11", "Xele.ptg000045l.14", "Xele.ptg000045l.16", "Xele.ptg000045l.19", "Xele.ptg000045l.34", "Xele.ptg000045l.47", "Xele.ptg000045l.52", "Xele.ptg000045l.56"]}}, "mean_scores": [0.12799860139919528, 0.3281396862581933], "common_features": ["Xele.ptg000045l.1", "Xele.ptg000045l.52", "Xele.ptg000045l.16", "Xele.ptg000045l.2", "Xele.ptg000212l.1", "Xele.ptg000045l.34", "Xele.ptg000045l.14"], "model": {}}